{
  "cmsSettings" : { },
  "currentThemeId" : "f16edf8a-95a8-4084-b932-8a62a707d064",
  "favIconAssetRef" : null,
  "headMarkup" : "<!-- General -->\n<link rel=\"shortcut icon\" href=\"{basePath}/assets/favicon.ico?{versionKey}\">\n<link rel=\"stylesheet\" href=\"{basePath}/assets/css/font-awesome.css?{versionKey}\">\n<link rel=\"stylesheet\" href=\"{basePath}/assets/css/theme.css?{versionKey}\">\n\n\n<!-- webruntime-branding-shared stylesheets -->\n<link rel=\"stylesheet\" href=\"{ basePath }/assets/styles/salesforce-lightning-design-system.min.css?{ versionKey }\" />\n<link rel=\"stylesheet\" href=\"{ basePath }/assets/styles/dxp-site-spacing-styling-hooks.min.css?{ versionKey }\" /><link rel=\"stylesheet\" href=\"{ basePath }/assets/styles/dxp-styling-hooks.min.css?{ versionKey }\" />\n<link rel=\"stylesheet\" href=\"{ basePath }/assets/styles/dxp-slds-extensions.min.css?{ versionKey }\" />\n\n<link rel=\"stylesheet\" href=\"{ basePath }/assets/themes/alpine.css?{ versionKey }\" />\n\n<!-- webruntime-branding-shared stylesheets -->",
  "id" : "6e843c10-6696-4189-9a39-0e1a11f0173f",
  "isRelaxedCSPLevel" : false,
  "label" : "main",
  "templateName" : "b2c-lite-storefront",
  "type" : "appPage"
}