{
  "appPageId" : "6e843c10-6696-4189-9a39-0e1a11f0173f",
  "componentName" : "community_layout:sldsFlexibleLayout",
  "id" : "861025f4-84b6-488a-b668-26f9fb3e485b",
  "label" : "Cart",
  "regions" : [ {
    "components" : [ {
      "componentAttributes" : {
        "backgroundImageConfig" : "",
        "backgroundImageOverlay" : "rgba(0,0,0,0)",
        "sectionConfig" : "{\"UUID\":\"f6e6ffe0-b463-4a50-8cfb-49b394ba6227\",\"columns\":[{\"UUID\":\"9a8aa3e5-b9db-4a66-a75c-5b00984f53a2\",\"columnName\":\"Column 1\",\"columnKey\":\"col1\",\"columnWidth\":\"8\",\"seedComponents\":null},{\"UUID\":\"99e8c512-bdb6-4570-a5e3-5e4b8a11b664\",\"columnName\":\"Column 2\",\"columnKey\":\"col2\",\"columnWidth\":\"4\",\"seedComponents\":null}]}"
      },
      "componentName" : "community_layout:section",
      "id" : "f6e6ffe0-b463-4a50-8cfb-49b394ba6227",
      "regions" : [ {
        "components" : [ {
          "componentAttributes" : {
            "browseStep" : 1,
            "emptyCartBodyLabel" : "Continue Shopping",
            "emptyCartHeaderLabel" : "Your cart is empty right now",
            "headerText" : "Shop By Category",
            "negotiatedTextSize" : "large",
            "originalTextSize" : "small",
            "pageSize" : 4,
            "showNegotiatedPrice" : true,
            "showOriginalPrice" : true,
            "showPricePerUnit" : true,
            "showProductImage" : true,
            "showSku" : true,
            "skuLabel" : "SKU#"
          },
          "componentName" : "b2c_lite_commerce:cartContents",
          "id" : "2e820304-2c82-49b7-b9fe-f2d1adc99838",
          "renderPriority" : "NEUTRAL",
          "renditionMap" : { },
          "type" : "component"
        } ],
        "id" : "9a8aa3e5-b9db-4a66-a75c-5b00984f53a2",
        "regionLabel" : "Column 1",
        "regionName" : "col1",
        "renditionMap" : { },
        "type" : "region"
      }, {
        "components" : [ {
          "componentAttributes" : {
            "componentHeader" : "Summary",
            "originalTextSize" : "small",
            "shippingLabel" : "Shipping",
            "shippingTextSize" : "small",
            "showOriginalPrice" : false,
            "showShippingPrice" : true,
            "showSubtotalPrice" : true,
            "showTaxPrice" : true,
            "subtotalLabel" : "Subtotal",
            "subtotalTextSize" : "small",
            "taxLabel" : "Tax",
            "taxTextSize" : "small",
            "totalLabel" : "Total",
            "totalTextSize" : "medium"
          },
          "componentName" : "b2c_lite_commerce:cartSummary",
          "id" : "e3549c02-f303-47f9-ae2e-1b7dee3435dd",
          "renderPriority" : "NEUTRAL",
          "renditionMap" : { },
          "type" : "component"
        }, {
          "componentAttributes" : {
            "buttonAlignItems" : "left",
            "buttonBorderRadius" : 0,
            "buttonMaxWidth" : 100,
            "buttonText" : "Checkout"
          },
          "componentName" : "b2c_lite_commerce:checkoutButton",
          "id" : "1734aa57-4497-4d4e-8779-4624f2181fb0",
          "renderPriority" : "NEUTRAL",
          "renditionMap" : { },
          "type" : "component"
        } ],
        "id" : "99e8c512-bdb6-4570-a5e3-5e4b8a11b664",
        "regionLabel" : "Column 2",
        "regionName" : "col2",
        "renditionMap" : { },
        "type" : "region"
      } ],
      "renderPriority" : "NEUTRAL",
      "renditionMap" : { },
      "scopedBrandingSetId" : null,
      "type" : "component"
    }, {
      "componentAttributes" : {
        "backgroundImageConfig" : "",
        "backgroundImageOverlay" : "rgba(0,0,0,0)",
        "sectionConfig" : "{\"UUID\":\"ec7237aa-81fe-48ca-993e-300559585b4d\",\"columns\":[{\"UUID\":\"dc01af2a-cb2b-4f7d-beba-d06370bfc3ce\",\"columnName\":\"Column 1\",\"columnKey\":\"col1\",\"columnWidth\":\"12\",\"seedComponents\":null}]}"
      },
      "componentName" : "community_layout:section",
      "id" : "ec7237aa-81fe-48ca-993e-300559585b4d",
      "regions" : [ {
        "components" : [ {
          "componentAttributes" : {
            "callToActionButtonLabel" : "Add To Cart",
            "displayName" : true,
            "displayPrice" : true,
            "displayQuantitySelectorAndCallToActionButton" : false,
            "headerText" : "Customers Also Bought",
            "manualCategoryId" : "",
            "manualProductId" : "",
            "maxProductsVisible" : "4",
            "minProductsVisible" : "2",
            "priceToDisplay" : "strikethrough",
            "quantitySelectorLabel" : "qty",
            "selectedAnchorType" : "productCart",
            "selectedRecNameCategoryManual" : "most-viewed-by-category",
            "selectedRecNameCategoryRecord" : "most-viewed-by-category",
            "selectedRecNameNoContext" : "recently-viewed",
            "selectedRecNameProductCart" : "upsell",
            "selectedRecNameProductManual" : "similar-products",
            "selectedRecNameProductRecord" : "similar-products"
          },
          "componentName" : "b2c_lite_commerce:einsteinProductRecommendations",
          "id" : "e480c676-505d-4195-87d9-719ab4311877",
          "renderPriority" : "NEUTRAL",
          "renditionMap" : { },
          "type" : "component"
        } ],
        "id" : "dc01af2a-cb2b-4f7d-beba-d06370bfc3ce",
        "regionLabel" : "Column 1",
        "regionName" : "col1",
        "renditionMap" : { },
        "type" : "region"
      } ],
      "renderPriority" : "NEUTRAL",
      "renditionMap" : { },
      "scopedBrandingSetId" : null,
      "type" : "component"
    } ],
    "id" : "1f6d2932-0868-4c10-a741-ef5e06d35e2f",
    "regionName" : "content",
    "type" : "region"
  } ],
  "themeLayoutType" : "Inner",
  "type" : "view",
  "viewType" : "current-cart"
}