{
  "appPageId" : "6e843c10-6696-4189-9a39-0e1a11f0173f",
  "componentName" : "community_layout:sldsFlexibleLayout",
  "id" : "16c3906b-fa92-425f-8d3e-a8525d81f24c",
  "label" : "Check Password",
  "regions" : [ {
    "components" : [ {
      "componentAttributes" : {
        "backgroundImageConfig" : "",
        "backgroundImageOverlay" : "rgba(0,0,0,0)",
        "sectionConfig" : "{\"UUID\":\"97a55318-8a61-4e21-9b5f-a33e2e113052\",\"columns\":[{\"UUID\":\"6be722eb-8c21-4514-b19b-93d236c5809a\",\"columnName\":\"Column 1\",\"columnKey\":\"col1\",\"columnWidth\":\"12\",\"seedComponents\":null}]}"
      },
      "componentName" : "community_layout:section",
      "id" : "97a55318-8a61-4e21-9b5f-a33e2e113052",
      "regions" : [ {
        "components" : [ {
          "componentAttributes" : {
            "cmsPickerState" : "{}"
          },
          "componentName" : "b2c_lite_commerce:storeLogoCms",
          "id" : "ad30a4c8-d6b4-45c5-a296-2322a9a0f11e",
          "renderPriority" : "NEUTRAL",
          "renditionMap" : { },
          "type" : "component"
        }, {
          "componentAttributes" : {
            "checkEmailMessage" : "Check the email account associated with your username for the link to reset your password. If you didn't get an email, check your Spam folder. Or contact your administrator.",
            "returnButtonLabel" : "Back to login",
            "titleLabel" : "Now check your email"
          },
          "componentName" : "community_login:checkEmail",
          "id" : "b424f63f-1ff2-4bf8-af8d-aaa6153c4b26",
          "renderPriority" : "NEUTRAL",
          "renditionMap" : { },
          "type" : "component"
        } ],
        "id" : "6be722eb-8c21-4514-b19b-93d236c5809a",
        "regionLabel" : "Column 1",
        "regionName" : "col1",
        "renditionMap" : { },
        "type" : "region"
      } ],
      "renderPriority" : "NEUTRAL",
      "renditionMap" : { },
      "scopedBrandingSetId" : null,
      "type" : "component"
    } ],
    "id" : "88db5b0d-1239-47c8-bd4c-8c4df0d08281",
    "regionName" : "content",
    "type" : "region"
  }, {
    "components" : [ {
      "componentAttributes" : {
        "customHeadTags" : "",
        "description" : "",
        "pageTitle" : "Check Password",
        "recordId" : "{!recordId}"
      },
      "componentName" : "community_builder:seoAssistant",
      "id" : "467eb251-6848-4f6d-9e1d-c20c18311654",
      "renderPriority" : "NEUTRAL",
      "renditionMap" : { },
      "type" : "component"
    } ],
    "id" : "9b55f292-3554-48d3-97e1-b7936bae1f91",
    "regionName" : "sfdcHiddenRegion",
    "type" : "region"
  } ],
  "themeLayoutType" : "External",
  "type" : "view",
  "viewType" : "check-password"
}