{
  "appPageId" : "6e843c10-6696-4189-9a39-0e1a11f0173f",
  "componentName" : "community_layout:sldsFlexibleLayout",
  "id" : "26bc705e-02e3-4afb-b701-2c808acf0766",
  "label" : "Error",
  "regions" : [ {
    "components" : [ {
      "componentAttributes" : {
        "backgroundImageConfig" : "",
        "backgroundImageOverlay" : "rgba(0,0,0,0)",
        "sectionConfig" : "{\"UUID\":\"f82aaeee-944f-4f53-a748-073b8a003d2d\",\"columns\":[{\"UUID\":\"1a62d17d-1a93-4d3f-bd43-e9fb2ecf3922\",\"columnName\":\"Column 1\",\"columnKey\":\"col1\",\"columnWidth\":\"12\",\"seedComponents\":null}]}"
      },
      "componentName" : "community_layout:section",
      "id" : "f82aaeee-944f-4f53-a748-073b8a003d2d",
      "regions" : [ {
        "components" : [ {
          "componentAttributes" : { },
          "componentName" : "b2c_lite_commerce:error",
          "id" : "579d1694-6c8c-44ba-9d45-fb4e7eee16f7",
          "renderPriority" : "NEUTRAL",
          "renditionMap" : { },
          "type" : "component"
        } ],
        "id" : "1a62d17d-1a93-4d3f-bd43-e9fb2ecf3922",
        "regionLabel" : "Column 1",
        "regionName" : "col1",
        "renditionMap" : { },
        "type" : "region"
      } ],
      "renderPriority" : "NEUTRAL",
      "renditionMap" : { },
      "scopedBrandingSetId" : null,
      "type" : "component"
    } ],
    "id" : "b34491b8-df50-4ddd-bc25-8cc4135c0e5b",
    "regionName" : "content",
    "type" : "region"
  }, {
    "components" : [ {
      "componentAttributes" : {
        "customHeadTags" : "",
        "description" : "",
        "pageTitle" : "Error",
        "recordId" : "{!recordId}"
      },
      "componentName" : "community_builder:seoAssistant",
      "id" : "2be0c2da-d1f9-4d91-854e-051846b8259d",
      "renderPriority" : "NEUTRAL",
      "renditionMap" : { },
      "type" : "component"
    } ],
    "id" : "debadfdc-1642-4df5-9ec0-39c3c463b849",
    "regionName" : "sfdcHiddenRegion",
    "type" : "region"
  } ],
  "themeLayoutType" : "Inner",
  "type" : "view",
  "viewType" : "error"
}