{
  "appPageId" : "6e843c10-6696-4189-9a39-0e1a11f0173f",
  "componentName" : "community_layout:sldsFlexibleLayout",
  "id" : "cd7b8b28-afc3-4dce-a1e6-e91051ce1eac",
  "label" : "Forgot Password",
  "regions" : [ {
    "components" : [ {
      "componentAttributes" : {
        "backgroundImageConfig" : "",
        "backgroundImageOverlay" : "rgba(0,0,0,0)",
        "sectionConfig" : "{\"UUID\":\"e75ffc6a-6e0c-4170-a540-1d450261dda8\",\"columns\":[{\"UUID\":\"b777bcb2-fcf2-4635-8360-cbce381304c5\",\"columnName\":\"Column 1\",\"columnKey\":\"col1\",\"columnWidth\":\"12\",\"seedComponents\":null}]}"
      },
      "componentName" : "community_layout:section",
      "id" : "e75ffc6a-6e0c-4170-a540-1d450261dda8",
      "regions" : [ {
        "components" : [ {
          "componentAttributes" : {
            "cmsPickerState" : "{}"
          },
          "componentName" : "b2c_lite_commerce:storeLogoCms",
          "id" : "97104262-22da-44e4-af1a-4b74867bb07b",
          "renderPriority" : "NEUTRAL",
          "renditionMap" : { },
          "type" : "component"
        }, {
          "componentAttributes" : {
            "cancelButtonLabel" : "Cancel",
            "checkEmailUrl" : "./CheckPasswordResetEmail",
            "instructionsLabel" : "To reset your password, enter your username. We'll send a reset-password link to the email address associated with your account.",
            "submitButtonLabel" : "Reset",
            "titleLabel" : "Forget your password?",
            "usernameLabel" : "Username"
          },
          "componentName" : "community_login:forgotPassword",
          "id" : "5154207f-1255-4368-9b97-26cb598b7e23",
          "renderPriority" : "NEUTRAL",
          "renditionMap" : { },
          "type" : "component"
        } ],
        "id" : "b777bcb2-fcf2-4635-8360-cbce381304c5",
        "regionLabel" : "Column 1",
        "regionName" : "col1",
        "renditionMap" : { },
        "type" : "region"
      } ],
      "renderPriority" : "NEUTRAL",
      "renditionMap" : { },
      "scopedBrandingSetId" : null,
      "type" : "component"
    } ],
    "id" : "afa60c7f-ec01-4595-807c-3fcc7c4a9a66",
    "regionName" : "content",
    "type" : "region"
  }, {
    "components" : [ {
      "componentAttributes" : {
        "customHeadTags" : "",
        "description" : "",
        "pageTitle" : "Forgot Password",
        "recordId" : "{!recordId}"
      },
      "componentName" : "community_builder:seoAssistant",
      "id" : "530c9dc7-79a5-4329-85e1-d31e972afdbf",
      "renderPriority" : "NEUTRAL",
      "renditionMap" : { },
      "type" : "component"
    } ],
    "id" : "2beb2ac6-438b-4dbf-bf60-7d1eaeff3d6d",
    "regionName" : "sfdcHiddenRegion",
    "type" : "region"
  } ],
  "themeLayoutType" : "External",
  "type" : "view",
  "viewType" : "forgot-password"
}