{
  "appPageId" : "6e843c10-6696-4189-9a39-0e1a11f0173f",
  "componentName" : "community_layout:sldsFlexibleLayout",
  "id" : "6640b272-8d73-4b67-9bb8-991a08e85669",
  "label" : "Order",
  "regions" : [ {
    "components" : [ {
      "componentAttributes" : {
        "backgroundImageConfig" : "",
        "backgroundImageOverlay" : "rgba(0,0,0,0)",
        "sectionConfig" : "{\"UUID\":\"0adebb0d-53ed-4d85-b638-7a09fa575b8f\",\"columns\":[{\"UUID\":\"abf0ead8-deca-4177-be1e-39968c061829\",\"columnName\":\"Column 1\",\"columnKey\":\"col1\",\"columnWidth\":\"12\",\"seedComponents\":null}]}"
      },
      "componentName" : "community_layout:section",
      "id" : "0adebb0d-53ed-4d85-b638-7a09fa575b8f",
      "regions" : [ {
        "components" : [ {
          "componentAttributes" : { },
          "componentName" : "b2c_lite_commerce:orderConfirmationMessage",
          "id" : "571448f6-7c5f-4d2d-94ee-f25d32db524e",
          "renderPriority" : "NEUTRAL",
          "renditionMap" : { },
          "type" : "component"
        } ],
        "id" : "abf0ead8-deca-4177-be1e-39968c061829",
        "regionLabel" : "Column 1",
        "regionName" : "col1",
        "renditionMap" : { },
        "type" : "region"
      } ],
      "renderPriority" : "NEUTRAL",
      "renditionMap" : { },
      "scopedBrandingSetId" : null,
      "type" : "component"
    } ],
    "id" : "f0ced647-dc74-41a6-b818-b8906e781c42",
    "regionName" : "content",
    "type" : "region"
  } ],
  "themeLayoutType" : "Inner",
  "type" : "view",
  "viewType" : "order"
}