{
  "appPageId" : "6e843c10-6696-4189-9a39-0e1a11f0173f",
  "componentName" : "community_layout:sldsFlexibleLayout",
  "id" : "531cbe67-d876-4a7b-beac-a7399f10c098",
  "label" : "Product",
  "regions" : [ {
    "components" : [ {
      "componentAttributes" : {
        "backgroundImageConfig" : "",
        "backgroundImageOverlay" : "rgba(0,0,0,0)",
        "sectionConfig" : "{\"UUID\":\"a58f6d4f-a296-4cbc-b56f-f4feda1f98a1\",\"columns\":[{\"UUID\":\"4feafed2-bf4c-44e7-9e6a-c66351737d4e\",\"columnName\":\"Column 1\",\"columnKey\":\"col1\",\"columnWidth\":\"6\",\"seedComponents\":null},{\"UUID\":\"3a1e3354-f059-4bbf-be14-af18b231afe6\",\"columnName\":\"Column 2\",\"columnKey\":\"col2\",\"columnWidth\":\"6\",\"seedComponents\":null}]}"
      },
      "componentName" : "community_layout:section",
      "id" : "a58f6d4f-a296-4cbc-b56f-f4feda1f98a1",
      "regions" : [ {
        "components" : [ {
          "componentAttributes" : {
            "areGalleryImagesExpandable" : true,
            "carouselPosition" : "before",
            "identifierName" : "SKU#",
            "productId" : "{!recordId}",
            "showBreadCrumbs" : true,
            "showImageCarousel" : true,
            "showProductImage" : true,
            "titleTextSize" : "medium"
          },
          "componentName" : "b2c_lite_commerce:productGallery",
          "id" : "f0774247-199c-43d9-a135-ef4c1c43bdc7",
          "renderPriority" : "NEUTRAL",
          "renditionMap" : { },
          "type" : "component"
        } ],
        "id" : "4feafed2-bf4c-44e7-9e6a-c66351737d4e",
        "regionLabel" : "Column 1",
        "regionName" : "col1",
        "renditionMap" : { },
        "type" : "region"
      }, {
        "components" : [ {
          "componentAttributes" : {
            "addToCartButtonBorderRadius" : 0,
            "addToCartButtonText" : "ADD TO CART",
            "identifierName" : "SKU#",
            "negotiatedPriceLabel" : "Your Price",
            "negotiatedPriceTextSize" : "small",
            "originalPriceLabel" : "Original Price",
            "originalPriceTextSize" : "small",
            "priceAdjustmentTiersBorderRadius" : 0,
            "priceAdjustmentTiersDiscountRowLabel" : "Discount per Unit",
            "priceAdjustmentTiersQuantityRowLabel" : "Quantity",
            "priceAdjustmentTiersTitleText" : "Tier Discounts",
            "productId" : "{!recordId}",
            "productVariantTitle" : "Product options:",
            "showNegotiatedPrice" : true,
            "showOriginalPrice" : true,
            "showPriceAdjustmentTiers" : true,
            "showProductDescription" : true,
            "showProductVariantTitle" : true,
            "titleTextSize" : "medium",
            "unavailablePriceLabel" : "Price Unavailable"
          },
          "componentName" : "b2c_lite_commerce:productInformation",
          "id" : "481bcb85-7599-40d3-b592-5d6e8c5815c4",
          "renderPriority" : "NEUTRAL",
          "renditionMap" : { },
          "type" : "component"
        } ],
        "id" : "3a1e3354-f059-4bbf-be14-af18b231afe6",
        "regionLabel" : "Column 2",
        "regionName" : "col2",
        "renditionMap" : { },
        "type" : "region"
      } ],
      "renderPriority" : "NEUTRAL",
      "renditionMap" : { },
      "scopedBrandingSetId" : null,
      "type" : "component"
    }, {
      "componentAttributes" : {
        "backgroundImageConfig" : "",
        "backgroundImageOverlay" : "rgba(0,0,0,0)",
        "sectionConfig" : "{\"UUID\":\"67926f43-0351-4c1f-8d85-d52768bf0e9c\",\"columns\":[{\"UUID\":\"3529945c-a4e2-44b3-80d6-be500f62a722\",\"columnName\":\"Column 1\",\"columnKey\":\"col1\",\"columnWidth\":\"12\",\"seedComponents\":null}]}"
      },
      "componentName" : "community_layout:section",
      "id" : "67926f43-0351-4c1f-8d85-d52768bf0e9c",
      "regions" : [ {
        "components" : [ {
          "componentAttributes" : {
            "callToActionButtonLabel" : "Add To Cart",
            "displayName" : true,
            "displayPrice" : true,
            "displayQuantitySelectorAndCallToActionButton" : false,
            "headerText" : "Similar Products",
            "manualCategoryId" : "",
            "manualProductId" : "",
            "maxProductsVisible" : "4",
            "minProductsVisible" : "2",
            "priceToDisplay" : "strikethrough",
            "quantitySelectorLabel" : "qty",
            "selectedAnchorType" : "productRecord",
            "selectedRecNameCategoryManual" : "most-viewed-by-category",
            "selectedRecNameCategoryRecord" : "most-viewed-by-category",
            "selectedRecNameNoContext" : "recently-viewed",
            "selectedRecNameProductCart" : "similar-products",
            "selectedRecNameProductManual" : "similar-products",
            "selectedRecNameProductRecord" : "similar-products"
          },
          "componentName" : "b2c_lite_commerce:einsteinProductRecommendations",
          "id" : "b91170ff-a9b8-44ec-885c-f69127a8c79a",
          "renderPriority" : "NEUTRAL",
          "renditionMap" : { },
          "type" : "component"
        }, {
          "componentAttributes" : {
            "callToActionButtonLabel" : "Add To Cart",
            "displayName" : true,
            "displayPrice" : true,
            "displayQuantitySelectorAndCallToActionButton" : false,
            "headerText" : "Complementary Products",
            "manualCategoryId" : "",
            "manualProductId" : "",
            "maxProductsVisible" : "4",
            "minProductsVisible" : "2",
            "priceToDisplay" : "strikethrough",
            "quantitySelectorLabel" : "qty",
            "selectedAnchorType" : "productRecord",
            "selectedRecNameCategoryManual" : "most-viewed-by-category",
            "selectedRecNameCategoryRecord" : "most-viewed-by-category",
            "selectedRecNameNoContext" : "recently-viewed",
            "selectedRecNameProductCart" : "similar-products",
            "selectedRecNameProductManual" : "similar-products",
            "selectedRecNameProductRecord" : "complementary-products"
          },
          "componentName" : "b2c_lite_commerce:einsteinProductRecommendations",
          "id" : "7869a95b-0b55-4dd1-b4f9-4567482e152f",
          "renderPriority" : "NEUTRAL",
          "renditionMap" : { },
          "type" : "component"
        } ],
        "id" : "3529945c-a4e2-44b3-80d6-be500f62a722",
        "regionLabel" : "Column 1",
        "regionName" : "col1",
        "renditionMap" : { },
        "type" : "region"
      } ],
      "renderPriority" : "NEUTRAL",
      "renditionMap" : { },
      "scopedBrandingSetId" : null,
      "type" : "component"
    } ],
    "id" : "01612608-d954-4c4a-be08-1c1745717e88",
    "regionName" : "content",
    "type" : "region"
  }, {
    "components" : [ {
      "componentAttributes" : {
        "customHeadTags" : "",
        "description" : "",
        "pageTitle" : "{!Record._Object}: {!Record._Title}",
        "recordId" : "{!recordId}"
      },
      "componentName" : "community_builder:seoAssistant",
      "id" : "b4610f7b-c687-4017-af54-d0eba2b42a8b",
      "renderPriority" : "NEUTRAL",
      "renditionMap" : { },
      "type" : "component"
    } ],
    "id" : "aca51d7d-b749-4b5f-af5e-d429ba18a2a4",
    "regionName" : "sfdcHiddenRegion",
    "type" : "region"
  } ],
  "themeLayoutType" : "Inner",
  "type" : "view",
  "viewType" : "detail-01t"
}