{
  "appPageId" : "6e843c10-6696-4189-9a39-0e1a11f0173f",
  "componentName" : "community_layout:sldsFlexibleLayout",
  "id" : "d3361719-009c-4614-94bc-0c32665e903f",
  "label" : "Register",
  "regions" : [ {
    "components" : [ {
      "componentAttributes" : {
        "backgroundImageConfig" : "",
        "backgroundImageOverlay" : "rgba(0,0,0,0)",
        "sectionConfig" : "{\"UUID\":\"c2c5eede-25d8-4cb4-bdf4-cb55e12c389e\",\"columns\":[{\"UUID\":\"3fb7c2d7-8114-4cef-a961-603beb51930f\",\"columnName\":\"Column 1\",\"columnKey\":\"col1\",\"columnWidth\":\"12\",\"seedComponents\":null}]}"
      },
      "componentName" : "community_layout:section",
      "id" : "c2c5eede-25d8-4cb4-bdf4-cb55e12c389e",
      "regions" : [ {
        "components" : [ {
          "componentAttributes" : {
            "cmsPickerState" : "{}"
          },
          "componentName" : "b2c_lite_commerce:storeLogoCms",
          "id" : "ae87a12f-2b57-4b04-b1fe-cc3be4555c9d",
          "renderPriority" : "NEUTRAL",
          "renditionMap" : { },
          "type" : "component"
        }, {
          "componentAttributes" : {
            "cancelLinkLabel" : "Already have an account?",
            "confirmPasswordLabel" : "Confirm Password",
            "emailLabel" : "Email",
            "firstnameLabel" : "First Name",
            "includePasswordField" : true,
            "lastnameLabel" : "Last Name",
            "passwordLabel" : "Create Password",
            "regConfirmUrl" : "./CheckPasswordResetEmail",
            "submitButtonLabel" : "Sign Up"
          },
          "componentName" : "b2c_lite_commerce:selfRegister",
          "id" : "be06d02e-3870-41a3-88bc-007f276393dc",
          "renderPriority" : "NEUTRAL",
          "renditionMap" : { },
          "type" : "component"
        } ],
        "id" : "3fb7c2d7-8114-4cef-a961-603beb51930f",
        "regionLabel" : "Column 1",
        "regionName" : "col1",
        "renditionMap" : { },
        "type" : "region"
      } ],
      "renderPriority" : "NEUTRAL",
      "renditionMap" : { },
      "scopedBrandingSetId" : null,
      "type" : "component"
    } ],
    "id" : "97bcae31-6426-4df6-89c1-598bedf5719b",
    "regionName" : "content",
    "type" : "region"
  }, {
    "components" : [ {
      "componentAttributes" : {
        "customHeadTags" : "",
        "description" : "",
        "pageTitle" : "Register",
        "recordId" : "{!recordId}"
      },
      "componentName" : "community_builder:seoAssistant",
      "id" : "31ece140-ff70-4a8b-a5f8-369cbe760e6a",
      "renderPriority" : "NEUTRAL",
      "renditionMap" : { },
      "type" : "component"
    } ],
    "id" : "e1d6a760-3716-4eed-8c28-298217ef45c8",
    "regionName" : "sfdcHiddenRegion",
    "type" : "region"
  } ],
  "themeLayoutType" : "External",
  "type" : "view",
  "viewType" : "self-register"
}