{
  "appPageId" : "6e843c10-6696-4189-9a39-0e1a11f0173f",
  "componentName" : "community_layout:sldsFlexibleLayout",
  "id" : "66377f07-ae8a-4fd5-bed9-90d103d6ee45",
  "label" : "Service Not Available",
  "regions" : [ {
    "components" : [ {
      "componentAttributes" : {
        "backgroundImageConfig" : "",
        "backgroundImageOverlay" : "rgba(0,0,0,0)",
        "sectionConfig" : "{\"UUID\":\"d3564c0f-e8b8-4261-86ea-ac97591f96b3\",\"columns\":[{\"UUID\":\"4a833f7a-dfe8-4b49-8b7d-7ca15ba56f54\",\"columnName\":\"Column 1\",\"columnKey\":\"col1\",\"columnWidth\":\"12\",\"seedComponents\":null}]}"
      },
      "componentName" : "community_layout:section",
      "id" : "d3564c0f-e8b8-4261-86ea-ac97591f96b3",
      "regions" : [ {
        "components" : [ {
          "componentAttributes" : {
            "richTextValue" : "<div style=\"display: flex; align-items: center; flex-direction: column; margin: 60px 25px 40px 25px;\">\n\t<div style=\"background: url(assets/images/serviceNotAvailable.svg) center no-repeat; background-size: contain; height: 331px; width: 100%; max-width: 538px;\"></div>\n</div>\n<div style=\"margin: 0 25px; text-align: center;\">\n\t<h1><b style=\"font-size: 2em\">Looks like the site is temporarily unavailable</b></h1>\n\t<br/>\n\t<p><span style=\"font-size: 1.5em;\">Please try again in a bit.</span></p>\n</div>"
          },
          "componentName" : "community_builder:htmlEditor",
          "id" : "b85e2961-e258-4753-98b0-fa466174de8b",
          "renderPriority" : "NEUTRAL",
          "renditionMap" : { },
          "type" : "component"
        } ],
        "id" : "4a833f7a-dfe8-4b49-8b7d-7ca15ba56f54",
        "regionLabel" : "Column 1",
        "regionName" : "col1",
        "renditionMap" : { },
        "type" : "region"
      } ],
      "renderPriority" : "NEUTRAL",
      "renditionMap" : { },
      "scopedBrandingSetId" : null,
      "type" : "component"
    } ],
    "id" : "7050c6fc-ddab-48b4-acbd-9bc1f734c82f",
    "regionName" : "content",
    "type" : "region"
  } ],
  "themeLayoutType" : "ServiceNotAvailable",
  "type" : "view",
  "viewType" : "service-not-available"
}